{
  "final_accuracy": 0.0004761904761904762,
  "training_time": 1.9978299140930176,
  "log": [],
  "normalization_stats": {
    "mean": [
      [
        [
          -528.794189453125
        ],
        [
          111.81097412109375
        ],
        [
          -3.661733388900757
        ],
        [
          18.35922622680664
        ],
        [
          1.146898627281189
        ],
        [
          4.977390289306641
        ],
        [
          -6.464237689971924
        ],
        [
          0.47235506772994995
        ],
        [
          -4.310466766357422
        ],
        [
          -1.3582440614700317
        ],
        [
          -7.175326824188232
        ],
        [
          -0.34045761823654175
        ],
        [
          -6.148853778839111
        ],
        [
          -1.419080138206482
        ],
        [
          -7.186591148376465
        ],
        [
          -1.8040411472320557
        ],
        [
          -5.869732856750488
        ],
        [
          -1.7452036142349243
        ],
        [
          -6.200133800506592
        ],
        [
          -2.0717763900756836
        ],
        [
          0.46821287274360657
        ],
        [
          0.21627047657966614
        ],
        [
          -0.014974689111113548
        ],
        [
          0.05610961839556694
        ],
        [
          0.010154712945222855
        ],
        [
          -0.013170607388019562
        ],
        [
          -0.02238290198147297
        ],
        [
          -0.005414081271737814
        ],
        [
          -0.0024397296365350485
        ],
        [
          -0.008034252561628819
        ],
        [
          -0.017474347725510597
        ],
        [
          -0.015911653637886047
        ],
        [
          -0.012411250732839108
        ],
        [
          -0.011138683184981346
        ],
        [
          -0.017960980534553528
        ],
        [
          -0.011940589174628258
        ],
        [
          -0.012085103429853916
        ],
        [
          -0.007117695640772581
        ],
        [
          -0.013793239369988441
        ],
        [
          -0.011702252551913261
        ]
      ]
    ],
    "std": [
      [
        [
          178.61363220214844
        ],
        [
          63.7266845703125
        ],
        [
          38.453269958496094
        ],
        [
          29.753400802612305
        ],
        [
          25.602277755737305
        ],
        [
          20.52630043029785
        ],
        [
          20.856050491333008
        ],
        [
          17.733684539794922
        ],
        [
          15.027103424072266
        ],
        [
          15.275350570678711
        ],
        [
          13.325528144836426
        ],
        [
          13.463604927062988
        ],
        [
          12.386249542236328
        ],
        [
          12.433038711547852
        ],
        [
          11.572466850280762
        ],
        [
          11.058305740356445
        ],
        [
          10.516369819641113
        ],
        [
          10.091827392578125
        ],
        [
          9.896623611450195
        ],
        [
          9.29818058013916
        ],
        [
          12.949256896972656
        ],
        [
          6.196721076965332
        ],
        [
          4.684218883514404
        ],
        [
          3.6065807342529297
        ],
        [
          3.7111382484436035
        ],
        [
          2.6302077770233154
        ],
        [
          2.4962897300720215
        ],
        [
          2.217651844024658
        ],
        [
          2.111370801925659
        ],
        [
          1.973838210105896
        ],
        [
          1.701555609703064
        ],
        [
          1.7839237451553345
        ],
        [
          1.6741973161697388
        ],
        [
          1.5985565185546875
        ],
        [
          1.5435693264007568
        ],
        [
          1.4432307481765747
        ],
        [
          1.3971295356750488
        ],
        [
          1.3507567644119263
        ],
        [
          1.3300267457962036
        ],
        [
          1.2552003860473633
        ]
      ]
    ]
  }
}